118.21	0	Chips.DivRemChip.Defs
81.35	0	Chips.ShiftRightChip.Soundness.Sra
73.28	0	Chips.ShiftRightChip.Soundness.Sraw
72.60	0	Chips.ShiftRightChip.Soundness.Srl
68.59	0	Chips.ShiftRightChip.Soundness.Srlw
45.28	0	Chips.ShiftRightChip.Core
45.03	0	Chips.ShiftLeftChip.Soundness.Sll
41.46	0	Chips.ShiftLeftChip.Soundness.Sllw
40.94	0	Operations.MulOperation.RawSpec
40.10	0	Operations.MulOperation.Formal
36.93	0	Chips.ShiftRightChip.Dispatch
30.98	0	Extracted.DivRemChip
29.16	0	Chips.ShiftLeftChip.Core
28.26	0	Chips.ShiftRightChip.Defs
27.22	0	Operations.LtOperationUnsigned.RawSpec
26.75	0	Foundations.SailWrap
25.42	0	Chips.DivRemChip.Formal
23.29	0	Foundations.Register
23.07	0	WitnessTests.MulOperationWitnessVectors
21.44	0	Chips.BranchChip.Formal
19.69	0	Chips.ShiftLeftChip.Defs
15.92	0	Chips.MulChip.Formal
11.57	0	Chips.MulChip.Defs
9.44	0	Extracted.MulOperation
9.31	0	Chips.DivRemChip.Soundness
8.94	0	Foundations.Bitwise
8.78	0	Operations.SubOperation.RawSpec
8.54	0	Chips.BranchChip.Defs
8.40	0	Chips.LtChip.Formal
8.17	0	Foundations.SailMemory
7.72	0	Chips.StoreByteChip.Formal
7.52	0	Operations.MulOperation.Extracted
7.35	0	Chips.DivRemChip.OwnAsserts
7.32	0	Chips.LoadByteChip.Formal
7.22	0	WitnessTests.BitwiseOperationWitnessVectors
7.20	0	Chips.ShiftRightChip.Formal
6.67	0	Chips.LoadX0Chip.Formal
6.57	0	Chips.LoadHalfChip.Formal
6.46	0	Chips.LtChip.Defs
6.20	0	Readers.ALUTypeReaderImmutable
6.18	0	Readers.ALUTypeReader
6.15	0	Chips.JalrChip.Formal
6.07	0	Chips.BitwiseChip.Formal
6.05	0	Operations.LtOperationUnsigned.Extracted
5.82	0	Chips.LoadWordChip.Formal
5.74	0	Operations.LtOperationUnsigned.Formal
5.51	0	Chips.ShiftLeftChip.Formal
5.48	0	Operations.LtOperationSigned.Formal
5.33	0	Chips.StoreHalfChip.Formal
5.24	0	Operations.AddrAddOperation.RawSpec
5.06	0	Extracted.ShiftRightChip
5.06	0	Chips.StoreWordChip.Formal
4.94	0	Readers.RTypeReader
4.89	0	Operations.AddOperation.RawSpec
4.79	0	Operations.AddressOperation
4.65	0	Chips.UTypeChip.Formal
4.62	0	Chips.LoadX0Chip.Defs
4.59	0	Chips.StoreByteChip.Defs
4.59	0	Chips.LoadByteChip.Defs
4.52	0	Chips.JalChip.Formal
4.50	0	Operations.BitwiseU16Operation
4.33	0	Chips.BitwiseChip.Defs
4.29	0	Operations.BitwiseOperation.Formal
4.25	0	Readers.ITypeReaderImmutable
4.24	0	Readers.ITypeReader
4.21	0	Chips.LoadHalfChip.Defs
4.19	0	Chips.LoadWordChip.Defs
4.19	0	Chips.BranchChip.Bridge
4.16	0	Operations.AddwOperation.RawSpec
4.07	0	Chips.SubwChip.Formal
4.01	0	Chips.LoadX0Chip.Bridge
4.01	0	Chips.AddwChip.Formal
3.97	0	Operations.SubwOperation.RawSpec
3.96	0	Extracted.ShiftLeftChip
3.92	0	Chips.LoadDoubleChip.Formal
3.75	0	WitnessTests.IsEqualWordOperationWitnessVectors
3.74	0	Operations.AddwOperation.Formal
3.72	0	Chips.StoreDoubleChip.Formal
3.68	0	Readers.JTypeReader
3.66	0	WitnessTests.MulOperationWitness
3.66	0	Operations.SubwOperation.Formal
3.65	0	Chips.JalrChip.Defs
3.61	0	Chips.StoreHalfChip.Defs
3.58	0	Chips.StoreWordChip.Defs
3.57	0	Chips.SubChip.Formal
3.53	0	Chips.LoadDoubleChip.Bridge
3.48	0	Chips.BranchChip.Decision
3.48	0	Chips.AddChip.Formal
3.45	0	Operations.AddOperation.Formal
3.40	0	Readers.MemoryAccess
3.37	0	Operations.AddrAddOperation.Formal
3.35	0	Chips.AluX0Chip.Formal
3.31	0	Chips.LoadDoubleChip.Defs
3.31	0	Chips.AddiChip.Formal
3.25	0	Chips.StoreDoubleChip.Defs
3.22	0	Chips.DivRemChip.Extract
3.20	0	Operations.SubOperation.Formal
3.15	0	Chips.AluX0Chip.Bridge
3.12	0	Chips.DivRemChip.Bridge
3.11	0	Chips.LoadWordChip.Bridge
3.08	0	Operations.ShiftBounds
3.06	0	Operations.IsZeroWordOperation.Formal
3.04	0	WitnessTests.LtOperationUnsignedWitnessVectors
3.01	0	Chips.LoadHalfChip.Bridge
2.96	0	Chips.LoadByteChip.Bridge
2.91	0	Chips.JalChip.Bridge
2.90	0	Chips.StoreDoubleChip.Bridge
2.89	0	Chips.MulChip.Bridge
2.87	0	Operations.U16toU8OperationSafe
2.87	0	Chips.StoreWordChip.Bridge
2.87	0	Chips.StoreHalfChip.Bridge
2.86	0	Foundations.Channels
2.86	0	Chips.StoreByteChip.Bridge
2.86	0	Chips.JalrChip.Bridge
2.86	0	Chips.JalChip.Defs
2.84	0	WitnessTests.AddOperationWitnessVectors
2.84	0	Operations.LtOperationSigned.RawSpec
2.83	0	Chips.ShiftRightChip.Math
2.83	0	Chips.ShiftRightChip.Bridge
2.79	0	WitnessTests.AddwOperationWitnessVectors
2.77	0	WitnessTests.SubOperationWitnessVectors
2.77	0	Extracted.JalrChip
2.76	0	Chips.UTypeChip.Defs
2.73	0	Extracted.BranchChip
2.71	0	Operations.IsEqualWordOperation.Formal
2.71	0	Chips.LtChip.Bridge
2.70	0	Chips.ShiftLeftChip.Bridge
2.69	0	Operations.AddrAddOperation.Populate
2.68	0	WitnessTests.SubwOperationWitnessVectors
2.68	0	Chips.UTypeChip.Bridge
2.67	0	WitnessTests.AddrAddOperationWitnessVectors
2.67	0	Operations.AddOperation.Extracted
2.66	0	Extracted.StoreByteChip
2.66	0	Chips.AddwChip.Bridge
2.65	0	Operations.AddOperation.Populate
2.64	0	Foundations.Misc
2.64	0	Chips.SubwChip.Bridge
2.64	0	Chips.BitwiseChip.Bridge
2.64	0	Chips.AddiChip.Bridge
2.63	0	Extracted.LoadByteChip
2.60	0	Chips.AddChip.Bridge
2.58	0	Chips.SubChip.Bridge
2.57	0	Extracted.LoadX0Chip
2.56	0	Chips.ShiftRightChip.Flags
2.54	0	Operations.AddrAddOperation.Extracted
2.46	0	Chips.AluX0Chip.Defs
2.44	0	Operations.AddwOperation.Extracted
2.44	0	Extracted.MulChip
2.42	0	Operations.SubOperation.Populate
2.41	0	Readers.CPUState
2.41	0	Extracted.LoadHalfChip
2.40	0	Operations.LtOperationSigned.Extracted
2.39	0	Extracted.LoadWordChip
2.39	0	Extracted.BitwiseChip
2.38	0	Operations.SubOperation.Extracted
2.36	0	Extracted.StoreHalfChip
2.35	0	Foundations.InteractionProjection
2.34	0	Operations.IsZeroWordOperation.Extracted
2.32	0	Operations.U16CompareOperation.Formal
2.32	0	Chips.AddwChip.Defs
2.31	0	Operations.BitwiseOperation.Extracted
2.30	0	Operations.U16MSBOperation.Formal
2.29	0	Extracted.StoreWordChip
2.28	0	Chips.SubwChip.Defs
2.27	0	Operations.IsZeroOperation.Formal
2.25	0	Readers.RegisterAccessTimestamp
2.24	0	Foundations.Word
2.23	0	Operations.BitwiseOperation.Populate
2.23	0	Chips.AddChip.Defs
2.22	0	Operations.BitwiseOperation.RawSpec
2.22	0	Chips.AddiChip.Defs
2.20	0	Extracted.UTypeChip
2.19	0	Operations.SubwOperation.Extracted
2.18	0	WitnessTests.IsZeroWordOperationWitnessVectors
2.16	0	Extracted.StoreDoubleChip
2.16	0	Extracted.LoadDoubleChip
2.15	0	Extracted.BitwiseU16Operation
2.14	0	Chips.SubChip.Defs
2.13	0	Chips.DivRemChip.Assembly
2.12	0	Extracted.RTypeReader
2.11	0	Extracted.ALUTypeReader
2.10	0	Operations.U16toU8OperationUnsafe
2.09	0	Extracted.JalChip
2.08	0	Extracted.SubChip
2.08	0	Extracted.LtChip
2.08	0	Extracted.AluX0Chip
2.07	0	Extracted.ExtractionDSL
2.07	0	Chips.DivRemChip.Math
2.06	0	Operations.U16MSBOperation.Extracted
2.06	0	Operations.U16CompareOperation.Extracted
2.06	0	Extracted.LtOperationUnsigned
2.06	0	Extracted.AddwChip
2.05	0	Readers.RegisterAccessCols
2.05	0	Extracted.SubwChip
2.05	0	Extracted.AddChip
2.04	0	Foundations.ByteTable
2.02	0	Operations.U16CompareOperation.RawSpec
2.02	0	Operations.IsEqualWordOperation.Extracted
2.01	0	Operations.IsZeroOperation.Extracted
2.01	0	Foundations.HWord
2.00	0	Operations.IsZeroWordOperation.RawSpec
2.00	0	Extracted.AddiChip
1.99	0	Operations.MulOperation.Populate
1.99	0	Extracted.ITypeReader
1.98	0	Operations.LtOperationUnsigned.Populate
1.98	0	Operations.AddwOperation.Populate
1.96	0	Operations.U16MSBOperation.RawSpec
1.95	0	Extracted.LtOperationSigned
1.93	0	Operations.U16MSBOperation.Populate
1.93	0	Chips.ProgramChip
1.92	0	Extracted.JTypeReader
1.91	0	Operations.IsZeroOperation.RawSpec
1.90	0	Extracted.AddOperation
1.89	0	Operations.IsEqualWordOperation.RawSpec
1.89	0	Extracted.ITypeReaderImmutable
1.89	0	Extracted.AddwOperation
1.88	0	Operations.U16CompareOperation.Populate
1.88	0	Operations.LtOperationSigned.Populate
1.88	0	Extracted.SubwOperation
1.88	0	Extracted.AddressOperation
1.88	0	Chips.ByteChip
1.87	0	WitnessTests.U16CompareOperationWitnessVectors
1.87	0	Extracted.SubOperation
1.87	0	Extracted.IsZeroWordOperation
1.86	0	Operations.SubwOperation.Populate
1.86	0	Operations.IsZeroOperation.Populate
1.86	0	Extracted.U16toU8OperationSafe
1.86	0	Extracted.IsEqualWordOperation
1.86	0	Chips.MemoryProvider
1.85	0	WitnessTests.BitwiseOperationWitness
1.85	0	Operations.IsZeroWordOperation.Populate
1.85	0	Extracted.CPUState
1.85	0	Extracted.AddrAddOperation
1.84	0	Operations.IsEqualWordOperation.Populate
1.83	0	Foundations.SP1Constraint
1.83	0	Extracted.U16MSBOperation
1.83	0	Extracted.IsZeroOperation
1.82	0	WitnessTests.IsEqualWordOperationWitness
1.82	0	WitnessTests.AddOperationWitness
1.82	0	Extracted.U16toU8OperationUnsafe
1.82	0	Extracted.BitwiseOperation
1.81	0	WitnessTests.LtOperationUnsignedWitness
1.80	0	WitnessTests.IsZeroWordOperationWitness
1.79	0	WitnessTests.WitnessConformance
1.79	0	WitnessTests.U16CompareOperationWitness
1.79	0	WitnessTests.SubOperationWitness
1.79	0	WitnessTests.IsZeroOperationWitnessVectors
1.79	0	WitnessTests.IsZeroOperationWitness
1.79	0	WitnessTests.AddrAddOperationWitness
1.79	0	Foundations.InteractionRecovery
1.78	0	Extracted.U16CompareOperation
1.77	0	WitnessTests.SubwOperationWitness
1.77	0	Operations.MulOperation
1.76	0	WitnessTests.U16MSBOperationWitnessVectors
1.76	0	WitnessTests.AddwOperationWitness
1.76	0	Foundations.MulCarryChain
1.76	0	Foundations.GetElemFastPath
1.75	0	WitnessTests.U16MSBOperationWitness
1.52	0	Foundations.InteractionBus
1.42	0	Foundations.ChipAir
